"Source:","C:\Users\arila\Downloads\individual subsystem\individual subsystem.kicad_sch"
"Date:","2025-10-28T14:47:43-0700"
"Tool:","Eeschema 9.0.4"
"Generator:","C:\Program Files\KiCad\9.0\bin\scripting\plugins/bom_csv_grouped_by_value.py"
"Component Count:","38"

"Collated Components:"

"Item","Qty","Reference(s)","Value","LibPart","Footprint","Datasheet","DNP","Datasheet","Description","Footprint","Sim.Device","Sim.Library","Sim.Name","Sim.Pins"
"1","4","C1, C2, C3, C5","0.1 uF","Device:C_US","","","","","capacitor, US symbol","","","","",""
"2","1","C4","C_US","Device:C_US","","","","","capacitor, US symbol","","","","",""
"3","1","CuriosityNanoAL1","~","New_Library_AL_global:CuriosityNano_PIC18F57Q43_AL","","","","","","","","","",""
"4","1","D1","LED_green","Device:LED","","~","","~","Light emitting diode","","","","","1=K 2=A"
"5","1","D2","~","Diode:1N4001","Diode_THT:D_DO-41_SOD81_P10.16mm_Horizontal","http://www.vishay.com/docs/88503/1n4001.pdf","","http://www.vishay.com/docs/88503/1n4001.pdf","50V 1A General Purpose Rectifier Diode, DO-41","Diode_THT:D_DO-41_SOD81_P10.16mm_Horizontal","D","","","1=K 2=A"
"6","1","D3","1N4001","Diode:1N4001","Diode_THT:D_DO-41_SOD81_P10.16mm_Horizontal","http://www.vishay.com/docs/88503/1n4001.pdf","","http://www.vishay.com/docs/88503/1n4001.pdf","50V 1A General Purpose Rectifier Diode, DO-41","Diode_THT:D_DO-41_SOD81_P10.16mm_Horizontal","D","","","1=K 2=A"
"7","1","F1","200mA","Device:Fuse","","~","","~","Fuse","","","","",""
"8","1","J1","Barrel_Jack_Switch","Connector:Barrel_Jack_Switch","","~","","~","DC Barrel Jack with an internal switch","","","","",""
"9","1","J2","ribbon connector","Connector_Generic:Conn_02x04_Top_Bottom","","~","","~","Generic connector, double row, 02x04, top/bottom pin numbering scheme (row 1: 1...pins_per_row, row2: pins_per_row+1 ... num_pins), script generated (kicad-library-utils/schlib/autogen/connector/)","","","","",""
"10","1","J3","UART conn","Connector_Generic:Conn_01x03","","~","","~","Generic connector, single row, 01x03, script generated (kicad-library-utils/schlib/autogen/connector/)","","","","",""
"11","1","J4","extra headers","Connector_Generic:Conn_02x03_Counter_Clockwise","","~","","~","Generic connector, double row, 02x03, counter clockwise pin numbering scheme (similar to DIP package numbering), script generated (kicad-library-utils/schlib/autogen/connector/)","","","","",""
"12","5","JP1, JP2, JP3, JP4, JP5","Jumper_2_Small_Bridged","Jumper:Jumper_2_Small_Bridged","","~","","~","Jumper, 2-pole, small symbol, bridged","","","","",""
"13","1","L7805AL1","~","New_Library_AL_global:L7805_AL","","","","","","","","","",""
"14","1","MK1","Microphone","Device:Microphone","","~","","~","Microphone","","","","",""
"15","3","R1, R3, R9","10k","Device:R_US","","~","","~","Resistor, US symbol","","","","",""
"16","1","R2","100k","Device:R_US","","~","","~","Resistor, US symbol","","","","",""
"17","1","R4","1k","Device:R_US","","~","","~","Resistor, US symbol","","","","",""
"18","1","R5","2.2k","Device:R_US","","~","","~","Resistor, US symbol","","","","",""
"19","2","R6, R7","100","Device:R_US","","~","","~","Resistor, US symbol","","","","",""
"20","1","R8","220","Device:R_US","","~","","~","Resistor, US symbol","","","","",""
"21","1","RV1","10k","Device:R_Potentiometer_US","","~","","~","Potentiometer, US symbol","","","","",""
"22","1","SW1","SW_Push","Switch:SW_Push","","~","","~","Push button switch, generic, two pins","","","","",""
"23","5","TP1, TP2, TP3, TP4, TP5","TestPoint","Connector:TestPoint","","~","","~","test point","","","","",""
"24","1","U1","MCP6004OpAmp_AL","New_Library_AL_global:MCP6004OpAmp_AL","","","","","","","","","",""
