<?xml version="1.0" encoding="UTF-8"?>
<export version="E">
  <design>
    <source>C:\Users\arila\Downloads\individual subsystem\individual subsystem.kicad_sch</source>
    <date>2025-10-28T14:47:43-0700</date>
    <tool>Eeschema 9.0.4</tool>
    <sheet number="1" name="/" tstamps="/">
      <title_block>
        <title>Individual audio sensor subystem</title>
        <company>Arianna Lazaritt team 205</company>
        <rev>1</rev>
        <date>2025-10-20</date>
        <source>individual subsystem.kicad_sch</source>
        <comment number="1" value=""/>
        <comment number="2" value=""/>
        <comment number="3" value=""/>
        <comment number="4" value=""/>
        <comment number="5" value=""/>
        <comment number="6" value=""/>
        <comment number="7" value=""/>
        <comment number="8" value=""/>
        <comment number="9" value=""/>
      </title_block>
    </sheet>
  </design>
  <components>
    <comp ref="C1">
      <value>0.1 uF</value>
      <description>capacitor, US symbol</description>
      <fields>
        <field name="Footprint"/>
        <field name="Datasheet"/>
        <field name="Description">capacitor, US symbol</field>
      </fields>
      <libsource lib="Device" part="C_US" description="capacitor, US symbol"/>
      <property name="Sheetname" value="Root"/>
      <property name="Sheetfile" value="individual subsystem.kicad_sch"/>
      <property name="ki_keywords" value="cap capacitor"/>
      <property name="ki_fp_filters" value="C_*"/>
      <sheetpath names="/" tstamps="/"/>
      <tstamps>844958cc-d182-4519-86de-ecd938a7706b</tstamps>
    </comp>
    <comp ref="C2">
      <value>0.1 uF</value>
      <description>capacitor, US symbol</description>
      <fields>
        <field name="Footprint"/>
        <field name="Datasheet"/>
        <field name="Description">capacitor, US symbol</field>
      </fields>
      <libsource lib="Device" part="C_US" description="capacitor, US symbol"/>
      <property name="Sheetname" value="Root"/>
      <property name="Sheetfile" value="individual subsystem.kicad_sch"/>
      <property name="ki_keywords" value="cap capacitor"/>
      <property name="ki_fp_filters" value="C_*"/>
      <sheetpath names="/" tstamps="/"/>
      <tstamps>f7e8e42d-8e19-4b2c-a424-15211e289b6c</tstamps>
    </comp>
    <comp ref="C3">
      <value>0.1 uF</value>
      <description>capacitor, US symbol</description>
      <fields>
        <field name="Footprint"/>
        <field name="Datasheet"/>
        <field name="Description">capacitor, US symbol</field>
      </fields>
      <libsource lib="Device" part="C_US" description="capacitor, US symbol"/>
      <property name="Sheetname" value="Root"/>
      <property name="Sheetfile" value="individual subsystem.kicad_sch"/>
      <property name="ki_keywords" value="cap capacitor"/>
      <property name="ki_fp_filters" value="C_*"/>
      <sheetpath names="/" tstamps="/"/>
      <tstamps>dd5ae6c1-2759-4148-8efb-d562e7ea3094</tstamps>
    </comp>
    <comp ref="C4">
      <value>C_US</value>
      <description>capacitor, US symbol</description>
      <fields>
        <field name="Footprint"/>
        <field name="Datasheet"/>
        <field name="Description">capacitor, US symbol</field>
      </fields>
      <libsource lib="Device" part="C_US" description="capacitor, US symbol"/>
      <property name="Sheetname" value="Root"/>
      <property name="Sheetfile" value="individual subsystem.kicad_sch"/>
      <property name="ki_keywords" value="cap capacitor"/>
      <property name="ki_fp_filters" value="C_*"/>
      <sheetpath names="/" tstamps="/"/>
      <tstamps>28058cc9-427d-4532-bfa0-7079d34a3580</tstamps>
    </comp>
    <comp ref="C5">
      <value>0.1 uF</value>
      <description>capacitor, US symbol</description>
      <fields>
        <field name="Footprint"/>
        <field name="Datasheet"/>
        <field name="Description">capacitor, US symbol</field>
      </fields>
      <libsource lib="Device" part="C_US" description="capacitor, US symbol"/>
      <property name="Sheetname" value="Root"/>
      <property name="Sheetfile" value="individual subsystem.kicad_sch"/>
      <property name="ki_keywords" value="cap capacitor"/>
      <property name="ki_fp_filters" value="C_*"/>
      <sheetpath names="/" tstamps="/"/>
      <tstamps>cbad6553-627b-4838-ab32-48e7b807d1ee</tstamps>
    </comp>
    <comp ref="CuriosityNanoAL1">
      <value>~</value>
      <fields>
        <field name="Footprint"/>
        <field name="Datasheet"/>
        <field name="Description"/>
      </fields>
      <libsource lib="New_Library_AL_global" part="CuriosityNano_PIC18F57Q43_AL" description=""/>
      <property name="Sheetname" value="Root"/>
      <property name="Sheetfile" value="individual subsystem.kicad_sch"/>
      <sheetpath names="/" tstamps="/"/>
      <tstamps>3ebe0a4f-31e9-4c12-a998-bb9c84653e10</tstamps>
    </comp>
    <comp ref="D1">
      <value>LED_green</value>
      <datasheet>~</datasheet>
      <description>Light emitting diode</description>
      <fields>
        <field name="Sim.Pins">1=K 2=A</field>
        <field name="Footprint"/>
        <field name="Datasheet">~</field>
        <field name="Description">Light emitting diode</field>
      </fields>
      <libsource lib="Device" part="LED" description="Light emitting diode"/>
      <property name="Sim.Pins" value="1=K 2=A"/>
      <property name="Sheetname" value="Root"/>
      <property name="Sheetfile" value="individual subsystem.kicad_sch"/>
      <property name="ki_keywords" value="LED diode"/>
      <property name="ki_fp_filters" value="LED* LED_SMD:* LED_THT:*"/>
      <sheetpath names="/" tstamps="/"/>
      <tstamps>e878671c-6580-49e8-9463-03384e9ba310</tstamps>
    </comp>
    <comp ref="D2">
      <value>~</value>
      <footprint>Diode_THT:D_DO-41_SOD81_P10.16mm_Horizontal</footprint>
      <datasheet>http://www.vishay.com/docs/88503/1n4001.pdf</datasheet>
      <description>50V 1A General Purpose Rectifier Diode, DO-41</description>
      <fields>
        <field name="Sim.Device">D</field>
        <field name="Sim.Pins">1=K 2=A</field>
        <field name="Footprint">Diode_THT:D_DO-41_SOD81_P10.16mm_Horizontal</field>
        <field name="Datasheet">http://www.vishay.com/docs/88503/1n4001.pdf</field>
        <field name="Description">50V 1A General Purpose Rectifier Diode, DO-41</field>
      </fields>
      <libsource lib="Diode" part="1N4001" description="50V 1A General Purpose Rectifier Diode, DO-41"/>
      <property name="Sim.Device" value="D"/>
      <property name="Sim.Pins" value="1=K 2=A"/>
      <property name="Sheetname" value="Root"/>
      <property name="Sheetfile" value="individual subsystem.kicad_sch"/>
      <property name="ki_keywords" value="diode"/>
      <property name="ki_fp_filters" value="D*DO?41*"/>
      <sheetpath names="/" tstamps="/"/>
      <tstamps>bc731b7f-cae2-4f6e-8915-88b5ddbe6a75</tstamps>
    </comp>
    <comp ref="D3">
      <value>1N4001</value>
      <footprint>Diode_THT:D_DO-41_SOD81_P10.16mm_Horizontal</footprint>
      <datasheet>http://www.vishay.com/docs/88503/1n4001.pdf</datasheet>
      <description>50V 1A General Purpose Rectifier Diode, DO-41</description>
      <fields>
        <field name="Sim.Device">D</field>
        <field name="Sim.Pins">1=K 2=A</field>
        <field name="Footprint">Diode_THT:D_DO-41_SOD81_P10.16mm_Horizontal</field>
        <field name="Datasheet">http://www.vishay.com/docs/88503/1n4001.pdf</field>
        <field name="Description">50V 1A General Purpose Rectifier Diode, DO-41</field>
      </fields>
      <libsource lib="Diode" part="1N4001" description="50V 1A General Purpose Rectifier Diode, DO-41"/>
      <property name="Sim.Device" value="D"/>
      <property name="Sim.Pins" value="1=K 2=A"/>
      <property name="Sheetname" value="Root"/>
      <property name="Sheetfile" value="individual subsystem.kicad_sch"/>
      <property name="ki_keywords" value="diode"/>
      <property name="ki_fp_filters" value="D*DO?41*"/>
      <sheetpath names="/" tstamps="/"/>
      <tstamps>dcee2ebe-07d8-47b2-b2f2-169a2a898d76</tstamps>
    </comp>
    <comp ref="F1">
      <value>200mA</value>
      <datasheet>~</datasheet>
      <description>Fuse</description>
      <fields>
        <field name="Footprint"/>
        <field name="Datasheet">~</field>
        <field name="Description">Fuse</field>
      </fields>
      <libsource lib="Device" part="Fuse" description="Fuse"/>
      <property name="Sheetname" value="Root"/>
      <property name="Sheetfile" value="individual subsystem.kicad_sch"/>
      <property name="ki_keywords" value="fuse"/>
      <property name="ki_fp_filters" value="*Fuse*"/>
      <sheetpath names="/" tstamps="/"/>
      <tstamps>7277c206-2de0-43d1-91e0-b22abf28ceac</tstamps>
    </comp>
    <comp ref="J1">
      <value>Barrel_Jack_Switch</value>
      <datasheet>~</datasheet>
      <description>DC Barrel Jack with an internal switch</description>
      <fields>
        <field name="Footprint"/>
        <field name="Datasheet">~</field>
        <field name="Description">DC Barrel Jack with an internal switch</field>
      </fields>
      <libsource lib="Connector" part="Barrel_Jack_Switch" description="DC Barrel Jack with an internal switch"/>
      <property name="Sheetname" value="Root"/>
      <property name="Sheetfile" value="individual subsystem.kicad_sch"/>
      <property name="ki_keywords" value="DC power barrel jack connector"/>
      <property name="ki_fp_filters" value="BarrelJack*"/>
      <sheetpath names="/" tstamps="/"/>
      <tstamps>dfc0fb16-4acf-4316-845a-5ddef663ad4f</tstamps>
    </comp>
    <comp ref="J2">
      <value>ribbon connector</value>
      <datasheet>~</datasheet>
      <description>Generic connector, double row, 02x04, top/bottom pin numbering scheme (row 1: 1...pins_per_row, row2: pins_per_row+1 ... num_pins), script generated (kicad-library-utils/schlib/autogen/connector/)</description>
      <fields>
        <field name="Footprint"/>
        <field name="Datasheet">~</field>
        <field name="Description">Generic connector, double row, 02x04, top/bottom pin numbering scheme (row 1: 1...pins_per_row, row2: pins_per_row+1 ... num_pins), script generated (kicad-library-utils/schlib/autogen/connector/)</field>
      </fields>
      <libsource lib="Connector_Generic" part="Conn_02x04_Top_Bottom" description="Generic connector, double row, 02x04, top/bottom pin numbering scheme (row 1: 1...pins_per_row, row2: pins_per_row+1 ... num_pins), script generated (kicad-library-utils/schlib/autogen/connector/)"/>
      <property name="Sheetname" value="Root"/>
      <property name="Sheetfile" value="individual subsystem.kicad_sch"/>
      <property name="ki_keywords" value="connector"/>
      <property name="ki_fp_filters" value="Connector*:*_2x??_*"/>
      <sheetpath names="/" tstamps="/"/>
      <tstamps>3e17bb88-5fc1-44e8-a39e-30eb25c7799c</tstamps>
    </comp>
    <comp ref="J3">
      <value>UART conn</value>
      <datasheet>~</datasheet>
      <description>Generic connector, single row, 01x03, script generated (kicad-library-utils/schlib/autogen/connector/)</description>
      <fields>
        <field name="Footprint"/>
        <field name="Datasheet">~</field>
        <field name="Description">Generic connector, single row, 01x03, script generated (kicad-library-utils/schlib/autogen/connector/)</field>
      </fields>
      <libsource lib="Connector_Generic" part="Conn_01x03" description="Generic connector, single row, 01x03, script generated (kicad-library-utils/schlib/autogen/connector/)"/>
      <property name="Sheetname" value="Root"/>
      <property name="Sheetfile" value="individual subsystem.kicad_sch"/>
      <property name="ki_keywords" value="connector"/>
      <property name="ki_fp_filters" value="Connector*:*_1x??_*"/>
      <sheetpath names="/" tstamps="/"/>
      <tstamps>3c497aa4-efa4-4076-a8b4-0d9261dba7f1</tstamps>
    </comp>
    <comp ref="J4">
      <value>extra headers</value>
      <datasheet>~</datasheet>
      <description>Generic connector, double row, 02x03, counter clockwise pin numbering scheme (similar to DIP package numbering), script generated (kicad-library-utils/schlib/autogen/connector/)</description>
      <fields>
        <field name="Footprint"/>
        <field name="Datasheet">~</field>
        <field name="Description">Generic connector, double row, 02x03, counter clockwise pin numbering scheme (similar to DIP package numbering), script generated (kicad-library-utils/schlib/autogen/connector/)</field>
      </fields>
      <libsource lib="Connector_Generic" part="Conn_02x03_Counter_Clockwise" description="Generic connector, double row, 02x03, counter clockwise pin numbering scheme (similar to DIP package numbering), script generated (kicad-library-utils/schlib/autogen/connector/)"/>
      <property name="Sheetname" value="Root"/>
      <property name="Sheetfile" value="individual subsystem.kicad_sch"/>
      <property name="ki_keywords" value="connector"/>
      <property name="ki_fp_filters" value="Connector*:*_2x??_*"/>
      <sheetpath names="/" tstamps="/"/>
      <tstamps>ef6d082c-f5a5-46f5-aacf-2cd5e25b9351</tstamps>
    </comp>
    <comp ref="JP1">
      <value>Jumper_2_Small_Bridged</value>
      <datasheet>~</datasheet>
      <description>Jumper, 2-pole, small symbol, bridged</description>
      <fields>
        <field name="Footprint"/>
        <field name="Datasheet">~</field>
        <field name="Description">Jumper, 2-pole, small symbol, bridged</field>
      </fields>
      <libsource lib="Jumper" part="Jumper_2_Small_Bridged" description="Jumper, 2-pole, small symbol, bridged"/>
      <property name="Sheetname" value="Root"/>
      <property name="Sheetfile" value="individual subsystem.kicad_sch"/>
      <property name="ki_keywords" value="Jumper SPST"/>
      <property name="ki_fp_filters" value="Jumper* TestPoint*2Pads* TestPoint*Bridge*"/>
      <sheetpath names="/" tstamps="/"/>
      <tstamps>73a5561e-430f-4208-905b-318e8d1f2338</tstamps>
    </comp>
    <comp ref="JP2">
      <value>Jumper_2_Small_Bridged</value>
      <datasheet>~</datasheet>
      <description>Jumper, 2-pole, small symbol, bridged</description>
      <fields>
        <field name="Footprint"/>
        <field name="Datasheet">~</field>
        <field name="Description">Jumper, 2-pole, small symbol, bridged</field>
      </fields>
      <libsource lib="Jumper" part="Jumper_2_Small_Bridged" description="Jumper, 2-pole, small symbol, bridged"/>
      <property name="Sheetname" value="Root"/>
      <property name="Sheetfile" value="individual subsystem.kicad_sch"/>
      <property name="ki_keywords" value="Jumper SPST"/>
      <property name="ki_fp_filters" value="Jumper* TestPoint*2Pads* TestPoint*Bridge*"/>
      <sheetpath names="/" tstamps="/"/>
      <tstamps>13042d66-06c8-4a56-bde7-0d47f6649b92</tstamps>
    </comp>
    <comp ref="JP3">
      <value>Jumper_2_Small_Bridged</value>
      <datasheet>~</datasheet>
      <description>Jumper, 2-pole, small symbol, bridged</description>
      <fields>
        <field name="Footprint"/>
        <field name="Datasheet">~</field>
        <field name="Description">Jumper, 2-pole, small symbol, bridged</field>
      </fields>
      <libsource lib="Jumper" part="Jumper_2_Small_Bridged" description="Jumper, 2-pole, small symbol, bridged"/>
      <property name="Sheetname" value="Root"/>
      <property name="Sheetfile" value="individual subsystem.kicad_sch"/>
      <property name="ki_keywords" value="Jumper SPST"/>
      <property name="ki_fp_filters" value="Jumper* TestPoint*2Pads* TestPoint*Bridge*"/>
      <sheetpath names="/" tstamps="/"/>
      <tstamps>9dfa9256-15cb-4cd2-ad34-7ad8af1232ae</tstamps>
    </comp>
    <comp ref="JP4">
      <value>Jumper_2_Small_Bridged</value>
      <datasheet>~</datasheet>
      <description>Jumper, 2-pole, small symbol, bridged</description>
      <fields>
        <field name="Footprint"/>
        <field name="Datasheet">~</field>
        <field name="Description">Jumper, 2-pole, small symbol, bridged</field>
      </fields>
      <libsource lib="Jumper" part="Jumper_2_Small_Bridged" description="Jumper, 2-pole, small symbol, bridged"/>
      <property name="Sheetname" value="Root"/>
      <property name="Sheetfile" value="individual subsystem.kicad_sch"/>
      <property name="ki_keywords" value="Jumper SPST"/>
      <property name="ki_fp_filters" value="Jumper* TestPoint*2Pads* TestPoint*Bridge*"/>
      <sheetpath names="/" tstamps="/"/>
      <tstamps>0ae17cb3-c62d-4aba-b2fc-dbcf550cd220</tstamps>
    </comp>
    <comp ref="JP5">
      <value>Jumper_2_Small_Bridged</value>
      <datasheet>~</datasheet>
      <description>Jumper, 2-pole, small symbol, bridged</description>
      <fields>
        <field name="Footprint"/>
        <field name="Datasheet">~</field>
        <field name="Description">Jumper, 2-pole, small symbol, bridged</field>
      </fields>
      <libsource lib="Jumper" part="Jumper_2_Small_Bridged" description="Jumper, 2-pole, small symbol, bridged"/>
      <property name="Sheetname" value="Root"/>
      <property name="Sheetfile" value="individual subsystem.kicad_sch"/>
      <property name="ki_keywords" value="Jumper SPST"/>
      <property name="ki_fp_filters" value="Jumper* TestPoint*2Pads* TestPoint*Bridge*"/>
      <sheetpath names="/" tstamps="/"/>
      <tstamps>40178ec1-1e5f-4ef4-a9a8-74cf0203cf04</tstamps>
    </comp>
    <comp ref="L7805AL1">
      <value>~</value>
      <fields>
        <field name="Footprint"/>
        <field name="Datasheet"/>
        <field name="Description"/>
      </fields>
      <libsource lib="New_Library_AL_global" part="L7805_AL" description=""/>
      <property name="Sheetname" value="Root"/>
      <property name="Sheetfile" value="individual subsystem.kicad_sch"/>
      <sheetpath names="/" tstamps="/"/>
      <tstamps>15fe74e3-6645-4cc6-b582-feb520900769</tstamps>
    </comp>
    <comp ref="MK1">
      <value>Microphone</value>
      <datasheet>~</datasheet>
      <description>Microphone</description>
      <fields>
        <field name="Footprint"/>
        <field name="Datasheet">~</field>
        <field name="Description">Microphone</field>
      </fields>
      <libsource lib="Device" part="Microphone" description="Microphone"/>
      <property name="Sheetname" value="Root"/>
      <property name="Sheetfile" value="individual subsystem.kicad_sch"/>
      <property name="ki_keywords" value="microphone"/>
      <sheetpath names="/" tstamps="/"/>
      <tstamps>14ab0712-a31d-48e0-8452-5835915d03b8</tstamps>
    </comp>
    <comp ref="R1">
      <value>10k</value>
      <datasheet>~</datasheet>
      <description>Resistor, US symbol</description>
      <fields>
        <field name="Footprint"/>
        <field name="Datasheet">~</field>
        <field name="Description">Resistor, US symbol</field>
      </fields>
      <libsource lib="Device" part="R_US" description="Resistor, US symbol"/>
      <property name="Sheetname" value="Root"/>
      <property name="Sheetfile" value="individual subsystem.kicad_sch"/>
      <property name="ki_keywords" value="R res resistor"/>
      <property name="ki_fp_filters" value="R_*"/>
      <sheetpath names="/" tstamps="/"/>
      <tstamps>b9eccaba-f65b-4bf1-a556-497dff5a2eb9</tstamps>
    </comp>
    <comp ref="R2">
      <value>100k</value>
      <datasheet>~</datasheet>
      <description>Resistor, US symbol</description>
      <fields>
        <field name="Footprint"/>
        <field name="Datasheet">~</field>
        <field name="Description">Resistor, US symbol</field>
      </fields>
      <libsource lib="Device" part="R_US" description="Resistor, US symbol"/>
      <property name="Sheetname" value="Root"/>
      <property name="Sheetfile" value="individual subsystem.kicad_sch"/>
      <property name="ki_keywords" value="R res resistor"/>
      <property name="ki_fp_filters" value="R_*"/>
      <sheetpath names="/" tstamps="/"/>
      <tstamps>20e4d400-313e-4784-b081-a68dfcb83822</tstamps>
    </comp>
    <comp ref="R3">
      <value>10k</value>
      <datasheet>~</datasheet>
      <description>Resistor, US symbol</description>
      <fields>
        <field name="Footprint"/>
        <field name="Datasheet">~</field>
        <field name="Description">Resistor, US symbol</field>
      </fields>
      <libsource lib="Device" part="R_US" description="Resistor, US symbol"/>
      <property name="Sheetname" value="Root"/>
      <property name="Sheetfile" value="individual subsystem.kicad_sch"/>
      <property name="ki_keywords" value="R res resistor"/>
      <property name="ki_fp_filters" value="R_*"/>
      <sheetpath names="/" tstamps="/"/>
      <tstamps>dc5f3dd8-b0d1-41c4-8ad0-91d1b8abd98f</tstamps>
    </comp>
    <comp ref="R4">
      <value>1k</value>
      <datasheet>~</datasheet>
      <description>Resistor, US symbol</description>
      <fields>
        <field name="Footprint"/>
        <field name="Datasheet">~</field>
        <field name="Description">Resistor, US symbol</field>
      </fields>
      <libsource lib="Device" part="R_US" description="Resistor, US symbol"/>
      <property name="Sheetname" value="Root"/>
      <property name="Sheetfile" value="individual subsystem.kicad_sch"/>
      <property name="ki_keywords" value="R res resistor"/>
      <property name="ki_fp_filters" value="R_*"/>
      <sheetpath names="/" tstamps="/"/>
      <tstamps>8cc094a4-4365-453b-8d5d-68f0e3ccbc4c</tstamps>
    </comp>
    <comp ref="R5">
      <value>2.2k</value>
      <datasheet>~</datasheet>
      <description>Resistor, US symbol</description>
      <fields>
        <field name="Footprint"/>
        <field name="Datasheet">~</field>
        <field name="Description">Resistor, US symbol</field>
      </fields>
      <libsource lib="Device" part="R_US" description="Resistor, US symbol"/>
      <property name="Sheetname" value="Root"/>
      <property name="Sheetfile" value="individual subsystem.kicad_sch"/>
      <property name="ki_keywords" value="R res resistor"/>
      <property name="ki_fp_filters" value="R_*"/>
      <sheetpath names="/" tstamps="/"/>
      <tstamps>83ffb7ab-b574-44c2-8e28-e75a94ca521a</tstamps>
    </comp>
    <comp ref="R6">
      <value>100</value>
      <datasheet>~</datasheet>
      <description>Resistor, US symbol</description>
      <fields>
        <field name="Footprint"/>
        <field name="Datasheet">~</field>
        <field name="Description">Resistor, US symbol</field>
      </fields>
      <libsource lib="Device" part="R_US" description="Resistor, US symbol"/>
      <property name="Sheetname" value="Root"/>
      <property name="Sheetfile" value="individual subsystem.kicad_sch"/>
      <property name="ki_keywords" value="R res resistor"/>
      <property name="ki_fp_filters" value="R_*"/>
      <sheetpath names="/" tstamps="/"/>
      <tstamps>cdfca117-36fa-452a-927d-13995a347f1a</tstamps>
    </comp>
    <comp ref="R7">
      <value>100</value>
      <datasheet>~</datasheet>
      <description>Resistor, US symbol</description>
      <fields>
        <field name="Footprint"/>
        <field name="Datasheet">~</field>
        <field name="Description">Resistor, US symbol</field>
      </fields>
      <libsource lib="Device" part="R_US" description="Resistor, US symbol"/>
      <property name="Sheetname" value="Root"/>
      <property name="Sheetfile" value="individual subsystem.kicad_sch"/>
      <property name="ki_keywords" value="R res resistor"/>
      <property name="ki_fp_filters" value="R_*"/>
      <sheetpath names="/" tstamps="/"/>
      <tstamps>e8cedbb6-bc29-4d68-97f4-3a599f48d9f4</tstamps>
    </comp>
    <comp ref="R8">
      <value>220</value>
      <datasheet>~</datasheet>
      <description>Resistor, US symbol</description>
      <fields>
        <field name="Footprint"/>
        <field name="Datasheet">~</field>
        <field name="Description">Resistor, US symbol</field>
      </fields>
      <libsource lib="Device" part="R_US" description="Resistor, US symbol"/>
      <property name="Sheetname" value="Root"/>
      <property name="Sheetfile" value="individual subsystem.kicad_sch"/>
      <property name="ki_keywords" value="R res resistor"/>
      <property name="ki_fp_filters" value="R_*"/>
      <sheetpath names="/" tstamps="/"/>
      <tstamps>b79b65e2-13bd-4284-bc8e-07e0139cf6df</tstamps>
    </comp>
    <comp ref="R9">
      <value>10k</value>
      <datasheet>~</datasheet>
      <description>Resistor, US symbol</description>
      <fields>
        <field name="Footprint"/>
        <field name="Datasheet">~</field>
        <field name="Description">Resistor, US symbol</field>
      </fields>
      <libsource lib="Device" part="R_US" description="Resistor, US symbol"/>
      <property name="Sheetname" value="Root"/>
      <property name="Sheetfile" value="individual subsystem.kicad_sch"/>
      <property name="ki_keywords" value="R res resistor"/>
      <property name="ki_fp_filters" value="R_*"/>
      <sheetpath names="/" tstamps="/"/>
      <tstamps>0ba80d6b-b446-4930-9ae6-2a5ef52f604e</tstamps>
    </comp>
    <comp ref="RV1">
      <value>10k</value>
      <datasheet>~</datasheet>
      <description>Potentiometer, US symbol</description>
      <fields>
        <field name="Footprint"/>
        <field name="Datasheet">~</field>
        <field name="Description">Potentiometer, US symbol</field>
      </fields>
      <libsource lib="Device" part="R_Potentiometer_US" description="Potentiometer, US symbol"/>
      <property name="Sheetname" value="Root"/>
      <property name="Sheetfile" value="individual subsystem.kicad_sch"/>
      <property name="ki_keywords" value="resistor variable"/>
      <property name="ki_fp_filters" value="Potentiometer*"/>
      <sheetpath names="/" tstamps="/"/>
      <tstamps>566d001c-e4ef-4692-aed9-e01de4cd1e38</tstamps>
    </comp>
    <comp ref="SW1">
      <value>SW_Push</value>
      <datasheet>~</datasheet>
      <description>Push button switch, generic, two pins</description>
      <fields>
        <field name="Footprint"/>
        <field name="Datasheet">~</field>
        <field name="Description">Push button switch, generic, two pins</field>
      </fields>
      <libsource lib="Switch" part="SW_Push" description="Push button switch, generic, two pins"/>
      <property name="Sheetname" value="Root"/>
      <property name="Sheetfile" value="individual subsystem.kicad_sch"/>
      <property name="ki_keywords" value="switch normally-open pushbutton push-button"/>
      <sheetpath names="/" tstamps="/"/>
      <tstamps>f2b1dca0-df90-446e-99c0-7c8e6790f4c9</tstamps>
    </comp>
    <comp ref="TP1">
      <value>TestPoint</value>
      <datasheet>~</datasheet>
      <description>test point</description>
      <fields>
        <field name="Footprint"/>
        <field name="Datasheet">~</field>
        <field name="Description">test point</field>
      </fields>
      <libsource lib="Connector" part="TestPoint" description="test point"/>
      <property name="Sheetname" value="Root"/>
      <property name="Sheetfile" value="individual subsystem.kicad_sch"/>
      <property name="ki_keywords" value="test point tp"/>
      <property name="ki_fp_filters" value="Pin* Test*"/>
      <sheetpath names="/" tstamps="/"/>
      <tstamps>38ca99d4-f82e-4065-845f-b0b583cb900b</tstamps>
    </comp>
    <comp ref="TP2">
      <value>TestPoint</value>
      <datasheet>~</datasheet>
      <description>test point</description>
      <fields>
        <field name="Footprint"/>
        <field name="Datasheet">~</field>
        <field name="Description">test point</field>
      </fields>
      <libsource lib="Connector" part="TestPoint" description="test point"/>
      <property name="Sheetname" value="Root"/>
      <property name="Sheetfile" value="individual subsystem.kicad_sch"/>
      <property name="ki_keywords" value="test point tp"/>
      <property name="ki_fp_filters" value="Pin* Test*"/>
      <sheetpath names="/" tstamps="/"/>
      <tstamps>eca8e166-9722-409f-80d2-456303b8bf0c</tstamps>
    </comp>
    <comp ref="TP3">
      <value>TestPoint</value>
      <datasheet>~</datasheet>
      <description>test point</description>
      <fields>
        <field name="Footprint"/>
        <field name="Datasheet">~</field>
        <field name="Description">test point</field>
      </fields>
      <libsource lib="Connector" part="TestPoint" description="test point"/>
      <property name="Sheetname" value="Root"/>
      <property name="Sheetfile" value="individual subsystem.kicad_sch"/>
      <property name="ki_keywords" value="test point tp"/>
      <property name="ki_fp_filters" value="Pin* Test*"/>
      <sheetpath names="/" tstamps="/"/>
      <tstamps>aad139c7-7e8a-490c-a963-20175f69f2e5</tstamps>
    </comp>
    <comp ref="TP4">
      <value>TestPoint</value>
      <datasheet>~</datasheet>
      <description>test point</description>
      <fields>
        <field name="Footprint"/>
        <field name="Datasheet">~</field>
        <field name="Description">test point</field>
      </fields>
      <libsource lib="Connector" part="TestPoint" description="test point"/>
      <property name="Sheetname" value="Root"/>
      <property name="Sheetfile" value="individual subsystem.kicad_sch"/>
      <property name="ki_keywords" value="test point tp"/>
      <property name="ki_fp_filters" value="Pin* Test*"/>
      <sheetpath names="/" tstamps="/"/>
      <tstamps>217428e5-8deb-4581-ac85-2374edf78b9c</tstamps>
    </comp>
    <comp ref="TP5">
      <value>TestPoint</value>
      <datasheet>~</datasheet>
      <description>test point</description>
      <fields>
        <field name="Footprint"/>
        <field name="Datasheet">~</field>
        <field name="Description">test point</field>
      </fields>
      <libsource lib="Connector" part="TestPoint" description="test point"/>
      <property name="Sheetname" value="Root"/>
      <property name="Sheetfile" value="individual subsystem.kicad_sch"/>
      <property name="ki_keywords" value="test point tp"/>
      <property name="ki_fp_filters" value="Pin* Test*"/>
      <sheetpath names="/" tstamps="/"/>
      <tstamps>34031a40-a411-45ab-816b-6bc11b5d0d55</tstamps>
    </comp>
    <comp ref="U1">
      <value>MCP6004OpAmp_AL</value>
      <fields>
        <field name="Sim.Library"/>
        <field name="Sim.Name"/>
        <field name="Sim.Device"/>
        <field name="Sim.Pins"> </field>
        <field name="Footprint"/>
        <field name="Datasheet"/>
        <field name="Description"/>
      </fields>
      <libsource lib="New_Library_AL_global" part="MCP6004OpAmp_AL" description=""/>
      <property name="Sim.Library" value=""/>
      <property name="Sim.Name" value=""/>
      <property name="Sim.Device" value=""/>
      <property name="Sim.Pins" value=" "/>
      <property name="Sheetname" value="Root"/>
      <property name="Sheetfile" value="individual subsystem.kicad_sch"/>
      <property name="ki_keywords" value="quad opamp"/>
      <property name="ki_fp_filters" value="SOIC*3.9x8.7mm*P1.27mm* DIP*W7.62mm* TSSOP*4.4x5mm*P0.65mm* SSOP*5.3x6.2mm*P0.65mm*"/>
      <sheetpath names="/" tstamps="/"/>
      <tstamps>a87a92f4-4a78-4143-9abb-2e4110b1dd78 40642864-19bc-4247-8585-1f709104940e</tstamps>
    </comp>
  </components>
  <libparts>
    <libpart lib="Connector" part="Barrel_Jack_Switch">
      <description>DC Barrel Jack with an internal switch</description>
      <docs>~</docs>
      <footprints>
        <fp>BarrelJack*</fp>
      </footprints>
      <fields>
        <field name="Reference">J</field>
        <field name="Value">Barrel_Jack_Switch</field>
        <field name="Footprint"/>
        <field name="Datasheet">~</field>
        <field name="Description">DC Barrel Jack with an internal switch</field>
      </fields>
      <pins>
        <pin num="1" name="" type="passive"/>
        <pin num="2" name="" type="passive"/>
        <pin num="3" name="" type="passive"/>
      </pins>
    </libpart>
    <libpart lib="Connector" part="TestPoint">
      <description>test point</description>
      <docs>~</docs>
      <footprints>
        <fp>Pin*</fp>
        <fp>Test*</fp>
      </footprints>
      <fields>
        <field name="Reference">TP</field>
        <field name="Value">TestPoint</field>
        <field name="Footprint"/>
        <field name="Datasheet">~</field>
        <field name="Description">test point</field>
      </fields>
      <pins>
        <pin num="1" name="1" type="passive"/>
      </pins>
    </libpart>
    <libpart lib="Connector_Generic" part="Conn_01x03">
      <description>Generic connector, single row, 01x03, script generated (kicad-library-utils/schlib/autogen/connector/)</description>
      <docs>~</docs>
      <footprints>
        <fp>Connector*:*_1x??_*</fp>
      </footprints>
      <fields>
        <field name="Reference">J</field>
        <field name="Value">Conn_01x03</field>
        <field name="Footprint"/>
        <field name="Datasheet">~</field>
        <field name="Description">Generic connector, single row, 01x03, script generated (kicad-library-utils/schlib/autogen/connector/)</field>
      </fields>
      <pins>
        <pin num="1" name="Pin_1" type="passive"/>
        <pin num="2" name="Pin_2" type="passive"/>
        <pin num="3" name="Pin_3" type="passive"/>
      </pins>
    </libpart>
    <libpart lib="Connector_Generic" part="Conn_02x03_Counter_Clockwise">
      <description>Generic connector, double row, 02x03, counter clockwise pin numbering scheme (similar to DIP package numbering), script generated (kicad-library-utils/schlib/autogen/connector/)</description>
      <docs>~</docs>
      <footprints>
        <fp>Connector*:*_2x??_*</fp>
      </footprints>
      <fields>
        <field name="Reference">J</field>
        <field name="Value">Conn_02x03_Counter_Clockwise</field>
        <field name="Footprint"/>
        <field name="Datasheet">~</field>
        <field name="Description">Generic connector, double row, 02x03, counter clockwise pin numbering scheme (similar to DIP package numbering), script generated (kicad-library-utils/schlib/autogen/connector/)</field>
      </fields>
      <pins>
        <pin num="1" name="Pin_1" type="passive"/>
        <pin num="2" name="Pin_2" type="passive"/>
        <pin num="3" name="Pin_3" type="passive"/>
        <pin num="4" name="Pin_4" type="passive"/>
        <pin num="5" name="Pin_5" type="passive"/>
        <pin num="6" name="Pin_6" type="passive"/>
      </pins>
    </libpart>
    <libpart lib="Connector_Generic" part="Conn_02x04_Top_Bottom">
      <description>Generic connector, double row, 02x04, top/bottom pin numbering scheme (row 1: 1...pins_per_row, row2: pins_per_row+1 ... num_pins), script generated (kicad-library-utils/schlib/autogen/connector/)</description>
      <docs>~</docs>
      <footprints>
        <fp>Connector*:*_2x??_*</fp>
      </footprints>
      <fields>
        <field name="Reference">J</field>
        <field name="Value">Conn_02x04_Top_Bottom</field>
        <field name="Footprint"/>
        <field name="Datasheet">~</field>
        <field name="Description">Generic connector, double row, 02x04, top/bottom pin numbering scheme (row 1: 1...pins_per_row, row2: pins_per_row+1 ... num_pins), script generated (kicad-library-utils/schlib/autogen/connector/)</field>
      </fields>
      <pins>
        <pin num="1" name="Pin_1" type="passive"/>
        <pin num="2" name="Pin_2" type="passive"/>
        <pin num="3" name="Pin_3" type="passive"/>
        <pin num="4" name="Pin_4" type="passive"/>
        <pin num="5" name="Pin_5" type="passive"/>
        <pin num="6" name="Pin_6" type="passive"/>
        <pin num="7" name="Pin_7" type="passive"/>
        <pin num="8" name="Pin_8" type="passive"/>
      </pins>
    </libpart>
    <libpart lib="Device" part="C_US">
      <description>capacitor, US symbol</description>
      <footprints>
        <fp>C_*</fp>
      </footprints>
      <fields>
        <field name="Reference">C</field>
        <field name="Value">C_US</field>
        <field name="Footprint"/>
        <field name="Datasheet"/>
        <field name="Description">capacitor, US symbol</field>
      </fields>
      <pins>
        <pin num="1" name="" type="passive"/>
        <pin num="2" name="" type="passive"/>
      </pins>
    </libpart>
    <libpart lib="Device" part="Fuse">
      <description>Fuse</description>
      <docs>~</docs>
      <footprints>
        <fp>*Fuse*</fp>
      </footprints>
      <fields>
        <field name="Reference">F</field>
        <field name="Value">Fuse</field>
        <field name="Footprint"/>
        <field name="Datasheet">~</field>
        <field name="Description">Fuse</field>
      </fields>
      <pins>
        <pin num="1" name="" type="passive"/>
        <pin num="2" name="" type="passive"/>
      </pins>
    </libpart>
    <libpart lib="Device" part="LED">
      <description>Light emitting diode</description>
      <docs>~</docs>
      <footprints>
        <fp>LED*</fp>
        <fp>LED_SMD:*</fp>
        <fp>LED_THT:*</fp>
      </footprints>
      <fields>
        <field name="Reference">D</field>
        <field name="Value">LED</field>
        <field name="Footprint"/>
        <field name="Datasheet">~</field>
        <field name="Description">Light emitting diode</field>
        <field name="Sim.Pins">1=K 2=A</field>
      </fields>
      <pins>
        <pin num="1" name="K" type="passive"/>
        <pin num="2" name="A" type="passive"/>
      </pins>
    </libpart>
    <libpart lib="Device" part="Microphone">
      <description>Microphone</description>
      <docs>~</docs>
      <fields>
        <field name="Reference">MK</field>
        <field name="Value">Microphone</field>
        <field name="Footprint"/>
        <field name="Datasheet">~</field>
        <field name="Description">Microphone</field>
      </fields>
      <pins>
        <pin num="1" name="-" type="passive"/>
        <pin num="2" name="+" type="passive"/>
      </pins>
    </libpart>
    <libpart lib="Device" part="R_Potentiometer_US">
      <description>Potentiometer, US symbol</description>
      <docs>~</docs>
      <footprints>
        <fp>Potentiometer*</fp>
      </footprints>
      <fields>
        <field name="Reference">RV</field>
        <field name="Value">R_Potentiometer_US</field>
        <field name="Footprint"/>
        <field name="Datasheet">~</field>
        <field name="Description">Potentiometer, US symbol</field>
      </fields>
      <pins>
        <pin num="1" name="1" type="passive"/>
        <pin num="2" name="2" type="passive"/>
        <pin num="3" name="3" type="passive"/>
      </pins>
    </libpart>
    <libpart lib="Device" part="R_US">
      <description>Resistor, US symbol</description>
      <docs>~</docs>
      <footprints>
        <fp>R_*</fp>
      </footprints>
      <fields>
        <field name="Reference">R</field>
        <field name="Value">R_US</field>
        <field name="Footprint"/>
        <field name="Datasheet">~</field>
        <field name="Description">Resistor, US symbol</field>
      </fields>
      <pins>
        <pin num="1" name="" type="passive"/>
        <pin num="2" name="" type="passive"/>
      </pins>
    </libpart>
    <libpart lib="Diode" part="1N4001">
      <description>50V 1A General Purpose Rectifier Diode, DO-41</description>
      <docs>http://www.vishay.com/docs/88503/1n4001.pdf</docs>
      <footprints>
        <fp>D*DO?41*</fp>
      </footprints>
      <fields>
        <field name="Reference">D</field>
        <field name="Value">1N4001</field>
        <field name="Footprint">Diode_THT:D_DO-41_SOD81_P10.16mm_Horizontal</field>
        <field name="Datasheet">http://www.vishay.com/docs/88503/1n4001.pdf</field>
        <field name="Description">50V 1A General Purpose Rectifier Diode, DO-41</field>
        <field name="Sim.Device">D</field>
        <field name="Sim.Pins">1=K 2=A</field>
      </fields>
      <pins>
        <pin num="1" name="K" type="passive"/>
        <pin num="2" name="A" type="passive"/>
      </pins>
    </libpart>
    <libpart lib="Jumper" part="Jumper_2_Small_Bridged">
      <description>Jumper, 2-pole, small symbol, bridged</description>
      <docs>~</docs>
      <footprints>
        <fp>Jumper*</fp>
        <fp>TestPoint*2Pads*</fp>
        <fp>TestPoint*Bridge*</fp>
      </footprints>
      <fields>
        <field name="Reference">JP</field>
        <field name="Value">Jumper_2_Small_Bridged</field>
        <field name="Footprint"/>
        <field name="Datasheet">~</field>
        <field name="Description">Jumper, 2-pole, small symbol, bridged</field>
      </fields>
      <pins>
        <pin num="1" name="A" type="passive"/>
        <pin num="2" name="B" type="passive"/>
      </pins>
    </libpart>
    <libpart lib="New_Library_AL_global" part="CuriosityNano_PIC18F57Q43_AL">
      <fields>
        <field name="Reference">CuriosityNanoAL1</field>
        <field name="Value">~</field>
        <field name="Footprint"/>
        <field name="Datasheet"/>
        <field name="Description"/>
      </fields>
      <pins>
        <pin num="1" name="NC" type="no_connect"/>
        <pin num="2" name="ID" type="no_connect"/>
        <pin num="3" name="CDC_RX" type="bidirectional"/>
        <pin num="4" name="CDC_TX" type="bidirectional"/>
        <pin num="5" name="DBG1" type="bidirectional"/>
        <pin num="6" name="DBG2" type="bidirectional"/>
        <pin num="7" name="RC2" type="output"/>
        <pin num="8" name="RC3" type="input"/>
        <pin num="9" name="RB2" type="bidirectional"/>
        <pin num="10" name="RB1" type="bidirectional"/>
        <pin num="11" name="RC4" type="output"/>
        <pin num="12" name="RC5" type="input"/>
        <pin num="13" name="RC6" type="output"/>
        <pin num="14" name="RD4" type="output"/>
        <pin num="15" name="GND2" type="power_in"/>
        <pin num="16" name="RA3" type="output"/>
        <pin num="17" name="RA4" type="input"/>
        <pin num="18" name="RE2" type="bidirectional"/>
        <pin num="19" name="RC7" type="bidirectional"/>
        <pin num="20" name="RD0" type="bidirectional"/>
        <pin num="21" name="RD1" type="bidirectional"/>
        <pin num="22" name="RD2" type="bidirectional"/>
        <pin num="23" name="RD3" type="bidirectional"/>
        <pin num="24" name="GND4" type="power_in"/>
        <pin num="25" name="RF0" type="bidirectional"/>
        <pin num="26" name="RF1" type="bidirectional"/>
        <pin num="27" name="RF2" type="bidirectional"/>
        <pin num="28" name="RF3" type="output"/>
        <pin num="29" name="RC0" type="input"/>
        <pin num="30" name="RC1" type="input"/>
        <pin num="31" name="RE0" type="bidirectional"/>
        <pin num="32" name="RE1" type="bidirectional"/>
        <pin num="33" name="GND5" type="power_in"/>
        <pin num="34" name="RF4" type="bidirectional"/>
        <pin num="35" name="RF5" type="bidirectional"/>
        <pin num="36" name="RF6" type="bidirectional"/>
        <pin num="37" name="RF7" type="bidirectional"/>
        <pin num="38" name="RB5" type="bidirectional"/>
        <pin num="39" name="RD5" type="bidirectional"/>
        <pin num="40" name="RD6" type="bidirectional"/>
        <pin num="41" name="RD7" type="bidirectional"/>
        <pin num="42" name="GND3" type="power_in"/>
        <pin num="43" name="RA0" type="bidirectional"/>
        <pin num="44" name="RA1" type="bidirectional"/>
        <pin num="45" name="RA2" type="bidirectional"/>
        <pin num="46" name="RB0" type="bidirectional"/>
        <pin num="47" name="RB3" type="bidirectional"/>
        <pin num="48" name="RA5" type="bidirectional"/>
        <pin num="49" name="RA6" type="bidirectional"/>
        <pin num="50" name="RA7" type="bidirectional"/>
        <pin num="51" name="VTG" type="power_out"/>
        <pin num="52" name="GND1" type="power_in"/>
        <pin num="53" name="DBG0" type="bidirectional"/>
        <pin num="54" name="DBG3" type="bidirectional"/>
        <pin num="55" name="VOFF" type="input"/>
        <pin num="56" name="VBUS" type="power_out"/>
      </pins>
    </libpart>
    <libpart lib="New_Library_AL_global" part="L7805_AL">
      <fields>
        <field name="Reference">L7805AL1</field>
        <field name="Value">~</field>
        <field name="Footprint"/>
        <field name="Datasheet"/>
        <field name="Description"/>
      </fields>
      <pins>
        <pin num="1" name="input" type="input"/>
        <pin num="2" name="ground" type="passive"/>
        <pin num="3" name="output" type="output"/>
      </pins>
    </libpart>
    <libpart lib="New_Library_AL_global" part="MCP6004OpAmp_AL">
      <footprints>
        <fp>SOIC*3.9x8.7mm*P1.27mm*</fp>
        <fp>DIP*W7.62mm*</fp>
        <fp>TSSOP*4.4x5mm*P0.65mm*</fp>
        <fp>SSOP*5.3x6.2mm*P0.65mm*</fp>
      </footprints>
      <fields>
        <field name="Reference">U</field>
        <field name="Value">MCP6004OpAmp_AL</field>
        <field name="Footprint"/>
        <field name="Datasheet"/>
        <field name="Description"/>
        <field name="Sim.Library"/>
        <field name="Sim.Name"/>
        <field name="Sim.Device"/>
        <field name="Sim.Pins"> </field>
      </fields>
      <pins>
        <pin num="1" name="" type="output"/>
        <pin num="2" name="-" type="input"/>
        <pin num="3" name="+" type="input"/>
        <pin num="4" name="V+" type="power_in"/>
        <pin num="5" name="+" type="input"/>
        <pin num="6" name="-" type="input"/>
        <pin num="7" name="" type="output"/>
        <pin num="8" name="" type="output"/>
        <pin num="9" name="-" type="input"/>
        <pin num="10" name="+" type="input"/>
        <pin num="11" name="V-" type="power_in"/>
        <pin num="12" name="+" type="input"/>
        <pin num="13" name="-" type="input"/>
        <pin num="14" name="" type="output"/>
      </pins>
    </libpart>
    <libpart lib="Switch" part="SW_Push">
      <description>Push button switch, generic, two pins</description>
      <docs>~</docs>
      <fields>
        <field name="Reference">SW</field>
        <field name="Value">SW_Push</field>
        <field name="Footprint"/>
        <field name="Datasheet">~</field>
        <field name="Description">Push button switch, generic, two pins</field>
      </fields>
      <pins>
        <pin num="1" name="1" type="passive"/>
        <pin num="2" name="2" type="passive"/>
      </pins>
    </libpart>
  </libparts>
  <libraries>
    <library logical="Connector">
      <uri>C:\Program Files\KiCad\9.0\share\kicad\symbols\/Connector.kicad_sym</uri>
    </library>
    <library logical="Connector_Generic">
      <uri>C:\Program Files\KiCad\9.0\share\kicad\symbols\/Connector_Generic.kicad_sym</uri>
    </library>
    <library logical="Device">
      <uri>C:\Program Files\KiCad\9.0\share\kicad\symbols\/Device.kicad_sym</uri>
    </library>
    <library logical="Diode">
      <uri>C:\Program Files\KiCad\9.0\share\kicad\symbols\/Diode.kicad_sym</uri>
    </library>
    <library logical="Jumper">
      <uri>C:\Program Files\KiCad\9.0\share\kicad\symbols\/Jumper.kicad_sym</uri>
    </library>
    <library logical="New_Library_AL_global">
      <uri>C:/Users/arila/OneDrive/Documents/getting_started/New_Library_AL_global.kicad_sym</uri>
    </library>
    <library logical="Switch">
      <uri>C:\Program Files\KiCad\9.0\share\kicad\symbols\/Switch.kicad_sym</uri>
    </library>
  </libraries>
  <nets>
    <net code="1" name="+5V" class="Default">
      <node ref="D3" pin="1" pinfunction="K" pintype="passive"/>
      <node ref="J4" pin="5" pinfunction="Pin_5" pintype="passive"/>
      <node ref="JP1" pin="2" pinfunction="B" pintype="passive"/>
      <node ref="R5" pin="1" pintype="passive"/>
      <node ref="R7" pin="1" pintype="passive"/>
      <node ref="R9" pin="1" pintype="passive"/>
      <node ref="RV1" pin="1" pinfunction="1" pintype="passive"/>
      <node ref="U1" pin="4" pinfunction="V+" pintype="power_in"/>
    </net>
    <net code="2" name="Earth" class="Default">
      <node ref="J2" pin="8" pinfunction="Pin_8" pintype="passive"/>
    </net>
    <net code="3" name="GND" class="Default">
      <node ref="C1" pin="2" pintype="passive"/>
      <node ref="C2" pin="2" pintype="passive"/>
      <node ref="C4" pin="2" pintype="passive"/>
      <node ref="CuriosityNanoAL1" pin="33" pinfunction="GND5" pintype="power_in"/>
      <node ref="D1" pin="1" pinfunction="K" pintype="passive"/>
      <node ref="J1" pin="2" pintype="passive"/>
      <node ref="J3" pin="1" pinfunction="Pin_1" pintype="passive"/>
      <node ref="J4" pin="4" pinfunction="Pin_4" pintype="passive"/>
      <node ref="L7805AL1" pin="2" pinfunction="ground" pintype="passive"/>
      <node ref="MK1" pin="1" pinfunction="-" pintype="passive"/>
      <node ref="R1" pin="2" pintype="passive"/>
      <node ref="R6" pin="2" pintype="passive"/>
      <node ref="RV1" pin="3" pinfunction="3" pintype="passive"/>
      <node ref="SW1" pin="1" pinfunction="1" pintype="passive"/>
      <node ref="U1" pin="11" pinfunction="V-" pintype="power_in"/>
    </net>
    <net code="4" name="Net-(CuriosityNanoAL1-CDC_RX)" class="Default">
      <node ref="CuriosityNanoAL1" pin="3" pinfunction="CDC_RX" pintype="bidirectional"/>
      <node ref="JP4" pin="2" pinfunction="B" pintype="passive"/>
    </net>
    <net code="5" name="Net-(CuriosityNanoAL1-CDC_TX)" class="Default">
      <node ref="CuriosityNanoAL1" pin="4" pinfunction="CDC_TX" pintype="bidirectional"/>
      <node ref="JP5" pin="1" pinfunction="A" pintype="passive"/>
    </net>
    <net code="6" name="Net-(CuriosityNanoAL1-RA1)" class="Default">
      <node ref="CuriosityNanoAL1" pin="44" pinfunction="RA1" pintype="bidirectional"/>
      <node ref="J2" pin="2" pinfunction="Pin_2" pintype="passive"/>
    </net>
    <net code="7" name="Net-(CuriosityNanoAL1-RB0)" class="Default">
      <node ref="C4" pin="1" pintype="passive"/>
      <node ref="CuriosityNanoAL1" pin="46" pinfunction="RB0" pintype="bidirectional"/>
      <node ref="J2" pin="7" pinfunction="Pin_7" pintype="passive"/>
      <node ref="R9" pin="2" pintype="passive"/>
      <node ref="SW1" pin="2" pinfunction="2" pintype="passive"/>
    </net>
    <net code="8" name="Net-(CuriosityNanoAL1-RC4)" class="Default">
      <node ref="CuriosityNanoAL1" pin="11" pinfunction="RC4" pintype="output"/>
      <node ref="J4" pin="3" pinfunction="Pin_3" pintype="passive"/>
    </net>
    <net code="9" name="Net-(CuriosityNanoAL1-RC5)" class="Default">
      <node ref="CuriosityNanoAL1" pin="12" pinfunction="RC5" pintype="input"/>
      <node ref="J4" pin="2" pinfunction="Pin_2" pintype="passive"/>
    </net>
    <net code="10" name="Net-(CuriosityNanoAL1-RC6)" class="Default">
      <node ref="CuriosityNanoAL1" pin="13" pinfunction="RC6" pintype="output"/>
      <node ref="J4" pin="1" pinfunction="Pin_1" pintype="passive"/>
    </net>
    <net code="11" name="Net-(CuriosityNanoAL1-RF3)" class="Default">
      <node ref="CuriosityNanoAL1" pin="28" pinfunction="RF3" pintype="output"/>
      <node ref="R8" pin="2" pintype="passive"/>
    </net>
    <net code="12" name="Net-(CuriosityNanoAL1-VBUS)" class="Default">
      <node ref="C5" pin="1" pintype="passive"/>
      <node ref="CuriosityNanoAL1" pin="56" pinfunction="VBUS" pintype="power_out"/>
    </net>
    <net code="13" name="Net-(D1-A)" class="Default">
      <node ref="D1" pin="2" pinfunction="A" pintype="passive"/>
      <node ref="R8" pin="1" pintype="passive"/>
    </net>
    <net code="14" name="Net-(D2-A)" class="Default">
      <node ref="C5" pin="2" pintype="passive"/>
      <node ref="D2" pin="2" pinfunction="A" pintype="passive"/>
    </net>
    <net code="15" name="Net-(D2-K)" class="Default">
      <node ref="D2" pin="1" pinfunction="K" pintype="passive"/>
      <node ref="D3" pin="2" pinfunction="A" pintype="passive"/>
    </net>
    <net code="16" name="Net-(F1-Pad1)" class="Default">
      <node ref="F1" pin="1" pintype="passive"/>
      <node ref="J1" pin="1" pintype="passive"/>
    </net>
    <net code="17" name="Net-(J3-Pin_2)" class="Default">
      <node ref="J3" pin="2" pinfunction="Pin_2" pintype="passive"/>
      <node ref="JP5" pin="2" pinfunction="B" pintype="passive"/>
      <node ref="TP5" pin="1" pinfunction="1" pintype="passive"/>
    </net>
    <net code="18" name="Net-(J3-Pin_3)" class="Default">
      <node ref="J3" pin="3" pinfunction="Pin_3" pintype="passive"/>
      <node ref="JP4" pin="1" pinfunction="A" pintype="passive"/>
      <node ref="TP4" pin="1" pinfunction="1" pintype="passive"/>
    </net>
    <net code="19" name="Net-(JP1-A)" class="Default">
      <node ref="C2" pin="1" pintype="passive"/>
      <node ref="JP1" pin="1" pinfunction="A" pintype="passive"/>
      <node ref="L7805AL1" pin="3" pinfunction="output" pintype="output"/>
      <node ref="R1" pin="1" pintype="passive"/>
      <node ref="TP1" pin="1" pinfunction="1" pintype="passive"/>
    </net>
    <net code="20" name="Net-(JP2-A)" class="Default">
      <node ref="C3" pin="2" pintype="passive"/>
      <node ref="JP2" pin="1" pinfunction="A" pintype="passive"/>
    </net>
    <net code="21" name="Net-(JP2-B)" class="Default">
      <node ref="JP2" pin="2" pinfunction="B" pintype="passive"/>
      <node ref="R3" pin="1" pintype="passive"/>
      <node ref="R4" pin="1" pintype="passive"/>
      <node ref="TP3" pin="1" pinfunction="1" pintype="passive"/>
    </net>
    <net code="22" name="Net-(JP3-A)" class="Default">
      <node ref="JP3" pin="1" pinfunction="A" pintype="passive"/>
      <node ref="R2" pin="2" pintype="passive"/>
      <node ref="U1" pin="1" pintype="output"/>
    </net>
    <net code="23" name="Net-(MK1-+)" class="Default">
      <node ref="C3" pin="1" pintype="passive"/>
      <node ref="MK1" pin="2" pinfunction="+" pintype="passive"/>
      <node ref="R5" pin="2" pintype="passive"/>
    </net>
    <net code="24" name="Net-(R3-Pad2)" class="Default">
      <node ref="R3" pin="2" pintype="passive"/>
      <node ref="R6" pin="1" pintype="passive"/>
      <node ref="R7" pin="2" pintype="passive"/>
    </net>
    <net code="25" name="Net-(U1A-+)" class="Default">
      <node ref="RV1" pin="2" pinfunction="2" pintype="passive"/>
      <node ref="U1" pin="3" pinfunction="+" pintype="input"/>
    </net>
    <net code="26" name="Net-(U1A--)" class="Default">
      <node ref="R2" pin="1" pintype="passive"/>
      <node ref="R4" pin="2" pintype="passive"/>
      <node ref="U1" pin="2" pinfunction="-" pintype="input"/>
    </net>
    <net code="27" name="VDC" class="Default">
      <node ref="C1" pin="1" pintype="passive"/>
      <node ref="F1" pin="2" pintype="passive"/>
      <node ref="L7805AL1" pin="1" pinfunction="input" pintype="input"/>
    </net>
    <net code="28" name="mic signal" class="Default">
      <node ref="CuriosityNanoAL1" pin="43" pinfunction="RA0" pintype="bidirectional"/>
      <node ref="JP3" pin="2" pinfunction="B" pintype="passive"/>
      <node ref="TP2" pin="1" pinfunction="1" pintype="passive"/>
    </net>
    <net code="29" name="unconnected-(CuriosityNanoAL1-DBG0-Pad53)" class="Default">
      <node ref="CuriosityNanoAL1" pin="53" pinfunction="DBG0" pintype="bidirectional+no_connect"/>
    </net>
    <net code="30" name="unconnected-(CuriosityNanoAL1-DBG1-Pad5)" class="Default">
      <node ref="CuriosityNanoAL1" pin="5" pinfunction="DBG1" pintype="bidirectional+no_connect"/>
    </net>
    <net code="31" name="unconnected-(CuriosityNanoAL1-DBG2-Pad6)" class="Default">
      <node ref="CuriosityNanoAL1" pin="6" pinfunction="DBG2" pintype="bidirectional+no_connect"/>
    </net>
    <net code="32" name="unconnected-(CuriosityNanoAL1-DBG3-Pad54)" class="Default">
      <node ref="CuriosityNanoAL1" pin="54" pinfunction="DBG3" pintype="bidirectional+no_connect"/>
    </net>
    <net code="33" name="unconnected-(CuriosityNanoAL1-GND1-Pad52)" class="Default">
      <node ref="CuriosityNanoAL1" pin="52" pinfunction="GND1" pintype="power_in+no_connect"/>
    </net>
    <net code="34" name="unconnected-(CuriosityNanoAL1-GND2-Pad15)" class="Default">
      <node ref="CuriosityNanoAL1" pin="15" pinfunction="GND2" pintype="power_in+no_connect"/>
    </net>
    <net code="35" name="unconnected-(CuriosityNanoAL1-GND3-Pad42)" class="Default">
      <node ref="CuriosityNanoAL1" pin="42" pinfunction="GND3" pintype="power_in+no_connect"/>
    </net>
    <net code="36" name="unconnected-(CuriosityNanoAL1-GND4-Pad24)" class="Default">
      <node ref="CuriosityNanoAL1" pin="24" pinfunction="GND4" pintype="power_in+no_connect"/>
    </net>
    <net code="37" name="unconnected-(CuriosityNanoAL1-ID-Pad2)" class="Default">
      <node ref="CuriosityNanoAL1" pin="2" pinfunction="ID" pintype="no_connect"/>
    </net>
    <net code="38" name="unconnected-(CuriosityNanoAL1-NC-Pad1)" class="Default">
      <node ref="CuriosityNanoAL1" pin="1" pinfunction="NC" pintype="no_connect"/>
    </net>
    <net code="39" name="unconnected-(CuriosityNanoAL1-RA2-Pad45)" class="Default">
      <node ref="CuriosityNanoAL1" pin="45" pinfunction="RA2" pintype="bidirectional+no_connect"/>
    </net>
    <net code="40" name="unconnected-(CuriosityNanoAL1-RA3-Pad16)" class="Default">
      <node ref="CuriosityNanoAL1" pin="16" pinfunction="RA3" pintype="output+no_connect"/>
    </net>
    <net code="41" name="unconnected-(CuriosityNanoAL1-RA4-Pad17)" class="Default">
      <node ref="CuriosityNanoAL1" pin="17" pinfunction="RA4" pintype="input+no_connect"/>
    </net>
    <net code="42" name="unconnected-(CuriosityNanoAL1-RA5-Pad48)" class="Default">
      <node ref="CuriosityNanoAL1" pin="48" pinfunction="RA5" pintype="bidirectional+no_connect"/>
    </net>
    <net code="43" name="unconnected-(CuriosityNanoAL1-RA6-Pad49)" class="Default">
      <node ref="CuriosityNanoAL1" pin="49" pinfunction="RA6" pintype="bidirectional+no_connect"/>
    </net>
    <net code="44" name="unconnected-(CuriosityNanoAL1-RA7-Pad50)" class="Default">
      <node ref="CuriosityNanoAL1" pin="50" pinfunction="RA7" pintype="bidirectional+no_connect"/>
    </net>
    <net code="45" name="unconnected-(CuriosityNanoAL1-RB1-Pad10)" class="Default">
      <node ref="CuriosityNanoAL1" pin="10" pinfunction="RB1" pintype="bidirectional+no_connect"/>
    </net>
    <net code="46" name="unconnected-(CuriosityNanoAL1-RB2-Pad9)" class="Default">
      <node ref="CuriosityNanoAL1" pin="9" pinfunction="RB2" pintype="bidirectional+no_connect"/>
    </net>
    <net code="47" name="unconnected-(CuriosityNanoAL1-RB3-Pad47)" class="Default">
      <node ref="CuriosityNanoAL1" pin="47" pinfunction="RB3" pintype="bidirectional+no_connect"/>
    </net>
    <net code="48" name="unconnected-(CuriosityNanoAL1-RB5-Pad38)" class="Default">
      <node ref="CuriosityNanoAL1" pin="38" pinfunction="RB5" pintype="bidirectional+no_connect"/>
    </net>
    <net code="49" name="unconnected-(CuriosityNanoAL1-RC0-Pad29)" class="Default">
      <node ref="CuriosityNanoAL1" pin="29" pinfunction="RC0" pintype="input+no_connect"/>
    </net>
    <net code="50" name="unconnected-(CuriosityNanoAL1-RC1-Pad30)" class="Default">
      <node ref="CuriosityNanoAL1" pin="30" pinfunction="RC1" pintype="input+no_connect"/>
    </net>
    <net code="51" name="unconnected-(CuriosityNanoAL1-RC2-Pad7)" class="Default">
      <node ref="CuriosityNanoAL1" pin="7" pinfunction="RC2" pintype="output+no_connect"/>
    </net>
    <net code="52" name="unconnected-(CuriosityNanoAL1-RC3-Pad8)" class="Default">
      <node ref="CuriosityNanoAL1" pin="8" pinfunction="RC3" pintype="input+no_connect"/>
    </net>
    <net code="53" name="unconnected-(CuriosityNanoAL1-RC7-Pad19)" class="Default">
      <node ref="CuriosityNanoAL1" pin="19" pinfunction="RC7" pintype="bidirectional+no_connect"/>
    </net>
    <net code="54" name="unconnected-(CuriosityNanoAL1-RD0-Pad20)" class="Default">
      <node ref="CuriosityNanoAL1" pin="20" pinfunction="RD0" pintype="bidirectional+no_connect"/>
    </net>
    <net code="55" name="unconnected-(CuriosityNanoAL1-RD1-Pad21)" class="Default">
      <node ref="CuriosityNanoAL1" pin="21" pinfunction="RD1" pintype="bidirectional+no_connect"/>
    </net>
    <net code="56" name="unconnected-(CuriosityNanoAL1-RD2-Pad22)" class="Default">
      <node ref="CuriosityNanoAL1" pin="22" pinfunction="RD2" pintype="bidirectional+no_connect"/>
    </net>
    <net code="57" name="unconnected-(CuriosityNanoAL1-RD3-Pad23)" class="Default">
      <node ref="CuriosityNanoAL1" pin="23" pinfunction="RD3" pintype="bidirectional+no_connect"/>
    </net>
    <net code="58" name="unconnected-(CuriosityNanoAL1-RD4-Pad14)" class="Default">
      <node ref="CuriosityNanoAL1" pin="14" pinfunction="RD4" pintype="output+no_connect"/>
    </net>
    <net code="59" name="unconnected-(CuriosityNanoAL1-RD5-Pad39)" class="Default">
      <node ref="CuriosityNanoAL1" pin="39" pinfunction="RD5" pintype="bidirectional+no_connect"/>
    </net>
    <net code="60" name="unconnected-(CuriosityNanoAL1-RD6-Pad40)" class="Default">
      <node ref="CuriosityNanoAL1" pin="40" pinfunction="RD6" pintype="bidirectional+no_connect"/>
    </net>
    <net code="61" name="unconnected-(CuriosityNanoAL1-RD7-Pad41)" class="Default">
      <node ref="CuriosityNanoAL1" pin="41" pinfunction="RD7" pintype="bidirectional+no_connect"/>
    </net>
    <net code="62" name="unconnected-(CuriosityNanoAL1-RE0-Pad31)" class="Default">
      <node ref="CuriosityNanoAL1" pin="31" pinfunction="RE0" pintype="bidirectional+no_connect"/>
    </net>
    <net code="63" name="unconnected-(CuriosityNanoAL1-RE1-Pad32)" class="Default">
      <node ref="CuriosityNanoAL1" pin="32" pinfunction="RE1" pintype="bidirectional+no_connect"/>
    </net>
    <net code="64" name="unconnected-(CuriosityNanoAL1-RE2-Pad18)" class="Default">
      <node ref="CuriosityNanoAL1" pin="18" pinfunction="RE2" pintype="bidirectional+no_connect"/>
    </net>
    <net code="65" name="unconnected-(CuriosityNanoAL1-RF0-Pad25)" class="Default">
      <node ref="CuriosityNanoAL1" pin="25" pinfunction="RF0" pintype="bidirectional+no_connect"/>
    </net>
    <net code="66" name="unconnected-(CuriosityNanoAL1-RF1-Pad26)" class="Default">
      <node ref="CuriosityNanoAL1" pin="26" pinfunction="RF1" pintype="bidirectional+no_connect"/>
    </net>
    <net code="67" name="unconnected-(CuriosityNanoAL1-RF2-Pad27)" class="Default">
      <node ref="CuriosityNanoAL1" pin="27" pinfunction="RF2" pintype="bidirectional+no_connect"/>
    </net>
    <net code="68" name="unconnected-(CuriosityNanoAL1-RF4-Pad34)" class="Default">
      <node ref="CuriosityNanoAL1" pin="34" pinfunction="RF4" pintype="bidirectional+no_connect"/>
    </net>
    <net code="69" name="unconnected-(CuriosityNanoAL1-RF5-Pad35)" class="Default">
      <node ref="CuriosityNanoAL1" pin="35" pinfunction="RF5" pintype="bidirectional+no_connect"/>
    </net>
    <net code="70" name="unconnected-(CuriosityNanoAL1-RF6-Pad36)" class="Default">
      <node ref="CuriosityNanoAL1" pin="36" pinfunction="RF6" pintype="bidirectional+no_connect"/>
    </net>
    <net code="71" name="unconnected-(CuriosityNanoAL1-RF7-Pad37)" class="Default">
      <node ref="CuriosityNanoAL1" pin="37" pinfunction="RF7" pintype="bidirectional+no_connect"/>
    </net>
    <net code="72" name="unconnected-(CuriosityNanoAL1-VOFF-Pad55)" class="Default">
      <node ref="CuriosityNanoAL1" pin="55" pinfunction="VOFF" pintype="input+no_connect"/>
    </net>
    <net code="73" name="unconnected-(CuriosityNanoAL1-VTG-Pad51)" class="Default">
      <node ref="CuriosityNanoAL1" pin="51" pinfunction="VTG" pintype="power_out+no_connect"/>
    </net>
    <net code="74" name="unconnected-(J1-Pad3)" class="Default">
      <node ref="J1" pin="3" pintype="passive+no_connect"/>
    </net>
    <net code="75" name="unconnected-(J2-Pin_1-Pad1)" class="Default">
      <node ref="J2" pin="1" pinfunction="Pin_1" pintype="passive+no_connect"/>
    </net>
    <net code="76" name="unconnected-(J2-Pin_3-Pad3)" class="Default">
      <node ref="J2" pin="3" pinfunction="Pin_3" pintype="passive+no_connect"/>
    </net>
    <net code="77" name="unconnected-(J2-Pin_4-Pad4)" class="Default">
      <node ref="J2" pin="4" pinfunction="Pin_4" pintype="passive+no_connect"/>
    </net>
    <net code="78" name="unconnected-(J2-Pin_5-Pad5)" class="Default">
      <node ref="J2" pin="5" pinfunction="Pin_5" pintype="passive+no_connect"/>
    </net>
    <net code="79" name="unconnected-(J2-Pin_6-Pad6)" class="Default">
      <node ref="J2" pin="6" pinfunction="Pin_6" pintype="passive+no_connect"/>
    </net>
    <net code="80" name="unconnected-(J4-Pin_6-Pad6)" class="Default">
      <node ref="J4" pin="6" pinfunction="Pin_6" pintype="passive+no_connect"/>
    </net>
  </nets>
</export>
